ano,mes,ano_mes,acao,desempenho,indicacoes
2020,08,202008,VIA VAREJO ON (VVAR3),3.59,8
2020,08,202008,B3 ON (B3SA3),-3.81,6
2020,08,202008,VALE ON (VALE3),0.64,5
2020,08,202008,BRASIL ON (BBAS3),0.58,5
2020,08,202008,PETROBRAS PN (PETR4),1.53,4
2020,08,202008,BRADESCO PN (BBDC4),-4.25,4
2020,08,202008,MAGAZINE LUIZA ON (MGLU3),17.18,3
2020,08,202008,LOCAWEB ON (LWSA3),24.93,3
2020,08,202008,ITAU UNIBANCO PN (ITUB4),-8.93,2
2020,08,202008,LOCALIZA ON (RENT3),-1.81,2
2020,07,202007,B3 ON (B3SA3),15.42,7
2020,07,202007,VIA VAREJO ON (VVAR3),27.5,7
2020,07,202007,PETROBRAS PN (PETR4),3.02,6
2020,07,202007,BRASIL ON (BBAS3),4.45,5
2020,07,202007,VALE ON (VALE3),8.57,5
2020,07,202007,GERDAU PN (GGBR4),8.99,4
2020,07,202007,RUMO ON (RAIL3),-1.2,3
2020,07,202007,LOCAWEB ON (LWSA3),10.88,3
2020,07,202007,BRADESCO PN (BBDC4),8.49,3
2020,07,202007,MAGAZINE LUIZA ON (MGLU3),12.77,3
2020,06,202006,VALE ON (VALE3),5.51,9
2020,06,202006,MAGAZINE LUIZA ON (MGLU3),11.34,7
2020,06,202006,B3 ON (B3SA3),20.94,5
2020,06,202006,BRADESCO PN (BBDC4),9.32,5
2020,06,202006,VIA VAREJO ON (VVAR3),23.47,4
2020,06,202006,PETROBRAS PN (PETR4),5.95,4
2020,06,202006,JBS ON (JBSS3),-3.73,4
2020,06,202006,BRASIL ON (BBAS3),4.25,4
2020,06,202006,WEG ON (WEGE3),21.07,3
2020,06,202006,BRF S.A. ON (BRFS3),-8.08,3
2020,05,202005,VALE ON (VALE3),18.15,8
2020,05,202005,JBS ON (JBSS3),-7.84,6
2020,05,202005,MAGAZINE LUIZA ON (MGLU3),29.48,6
2020,05,202005,BRADESCO PN (BBDC4),-0.96,5
2020,05,202005,B3 ON (B3SA3),18.56,5
2020,05,202005,BRASIL ON (BBAS3),8.21,4
2020,05,202005,VIA VAREJO ON (VVAR3),35.08,4
2020,05,202005,WEG ON (WEGE3),4.73,3
2020,05,202005,PETROBRAS PN (PETR4),12.69,3
2020,05,202005,P.ACUCAR - CBD ON (PCAR3),-4.05,3
2020,04,202004,VALE ON (VALE3),3.79,6
2020,04,202004,MAGAZINE LUIZA ON (MGLU3),27.47,6
2020,04,202004,BRADESCO PN (BBDC4),1.5,6
2020,04,202004,WEG ON (WEGE3),18.98,5
2020,04,202004,PETROBRAS PN (PETR4),29.02,4
2020,04,202004,JBS ON (JBSS3),19.92,4
2020,04,202004,ENGIE BRASIL ON (EGIE3),0.51,4
2020,04,202004,BRASIL ON (BBAS3),2.19,3
2020,04,202004,RUMO ON (RAIL3),0.71,3
2020,04,202004,B3 ON (B3SA3),7.02,3
2020,03,202003,ITAU UNIBANCO PN (ITUB4),-27.81,5
2020,03,202003,BRASIL ON (BBAS3),-40.23,4
2020,03,202003,VIA VAREJO ON (VVAR3),-61.77,4
2020,03,202003,HAPVIDA ON (HAPV3),-23.19,4
2020,03,202003,YDUQS PART ON (YDUQ3),-57.28,4
2020,03,202003,VALE ON (VALE3),-2.46,3
2020,03,202003,MAGAZINE LUIZA ON (MGLU3),-22.82,3
2020,03,202003,BRADESCO PN (BBDC4),-31.93,3
2020,03,202003,B3 ON (B3SA3),-24.02,3
2020,03,202003,PETROBRAS PN (PETR4),-44.79,3
2020,02,202002,MAGAZINE LUIZA ON (MGLU3),-9.46,7
2020,02,202002,VIA VAREJO ON (VVAR3),-1.36,4
2020,02,202002,PETROBRAS PN (PETR4),-10.93,3
2020,02,202002,VALE ON (VALE3),-11.86,3
2020,02,202002,LOJAS RENNER ON (LREN3),-7.22,3
2020,02,202002,LOJAS AMERICANAS PN (LAME4),-3.45,3
2020,02,202002,BRASIL ON (BBAS3),-2.72,2
2020,02,202002,COGNA ON (COGN3),-13.17,2
2020,02,202002,HAPVIDA ON (HAPV3),-8.11,2
2020,02,202002,B3 ON (B3SA3),-0.41,2
2020,01,202001,PETROBRAS PN (PETR4),-5.73,8
2020,01,202001,P.ACUCAR - CBD PN (PCAR4),-2.93,5
2020,01,202001,VALE ON (VALE3),-5.68,4
2020,01,202001,MAGAZINE LUIZA ON (MGLU3),17.06,4
2020,01,202001,CVC BRASIL ON (CVCB3),-16.67,3
2020,01,202001,B3 ON (B3SA3),13.03,3
2020,01,202001,BRASIL ON (BBAS3),-8.1,3
2020,01,202001,VIA VAREJO ON (VVAR3),25.34,2
2020,01,202001,ITAU UNIBANCO PN (ITUB4),-11.5,2
2020,01,202001,BRADESCO PN (BBDC4),-9.03,2
2019,12,201912,P.ACUCAR - CBD PN (PCAR4),9.34,5
2019,12,201912,PETROBRAS PN (PETR4),4.74,5
2019,12,201912,VIA VAREJO ON (VVAR3),26.79,4
2019,12,201912,B3 ON (B3SA3),-9.95,4
2019,12,201912,JBS ON (JBSS3),-9.41,4
2019,12,201912,CVC BRASIL ON (CVCB3),10.02,4
2019,12,201912,BRASIL ON (BBAS3),10.83,3
2019,12,201912,CPFL ENERGIA ON (CPFE3),12.54,3
2019,12,201912,LOJAS RENNER ON (LREN3),8.6,3
2019,12,201912,VALE ON (VALE3),9.04,2
2019,11,201911,PETROBRAS PN (PETR4),-3.54,10
2019,11,201911,BRADESCO PN (BBDC4),-5.07,5
2019,11,201911,VALE ON (VALE3),5.89,5
2019,11,201911,JBS ON (JBSS3),0.67,4
2019,11,201911,B3 ON (B3SA3),-1.36,4
2019,11,201911,P.ACUCAR - CBD PN (PCAR4),-3.41,4
2019,11,201911,CPFL ENERGIA ON (CPFE3),-4.33,3
2019,11,201911,BRASIL ON (BBAS3),-0.04,3
2019,11,201911,VIA VAREJO ON (VVAR3),18.73,2
2019,11,201911,BR MALLS PART ON (BRML3),1.43,2
2019,10,201910,PETROBRAS PN (PETR4),10.31,9
2019,10,201910,VALE ON (VALE3),-1.15,6
2019,10,201910,BRADESCO PN (BBDC4),6.91,6
2019,10,201910,B3 ON (B3SA3),10.89,4
2019,10,201910,ITAU UNIBANCO PN (ITUB4),3.47,4
2019,10,201910,CPFL ENERGIA ON (CPFE3),0.4,3
2019,10,201910,RUMO ON (RAIL3),-6.94,3
2019,10,201910,IRB BRASIL RESSEGUROS ON (IRBR3),0.35,3
2019,10,201910,P.ACUCAR - CBD PN (PCAR4),4.0,3
2019,10,201910,MAGAZINE LUIZA ON (MGLU3),20.72,3
2019,09,201909,PETROBRAS PN (PETR4),8.04,11
2019,09,201909,VALE ON (VALE3),4.78,8
2019,09,201909,BRADESCO PN (BBDC4),2.99,5
2019,09,201909,JBS ON (JBSS3),10.63,4
2019,09,201909,IRB BRASIL RESSEGUROS ON (IRBR3),4.13,4
2019,09,201909,LOCALIZA ON (RENT3),-3.17,3
2019,09,201909,CPFL ENERGIA ON (CPFE3),1.51,3
2019,09,201909,B3 ON (B3SA3),-1.97,3
2019,09,201909,BRASIL ON (BBAS3),-1.21,2
2019,09,201909,ITAU UNIBANCO PN (ITUB4),3.26,2
2019,08,201908,PETROBRAS PN (PETR4),-1.57,8
2019,08,201908,VALE ON (VALE3),-8.51,8
2019,08,201908,P.ACUCAR - CBD PN (PCAR4),-6.4,4
2019,08,201908,LOCALIZA ON (RENT3),6.91,4
2019,08,201908,IRB BRASIL RESSEGUROS ON (IRBR3),14.21,4
2019,08,201908,BRASIL ON (BBAS3),-5.3,3
2019,08,201908,BRADESCO PN (BBDC4),-4.45,3
2019,08,201908,CYRELA REALT ON (CYRE3),3.24,3
2019,08,201908,ITAU UNIBANCO PN (ITUB4),-0.24,3
2019,08,201908,B3 ON (B3SA3),6.19,2
2019,07,201907,PETROBRAS PN (PETR4),-4.85,10
2019,07,201907,VALE ON (VALE3),-3.88,5
2019,07,201907,BRADESCO PN (BBDC4),-8.15,5
2019,07,201907,BRASIL ON (BBAS3),-8.75,5
2019,07,201907,P.ACUCAR - CBD PN (PCAR4),-1.19,4
2019,07,201907,ITAU UNIBANCO PN (ITUB4),-3.93,4
2019,07,201907,GERDAU PN (GGBR4),-9.54,3
2019,07,201907,RUMO ON (RAIL3),5.74,2
2019,07,201907,B3 ON (B3SA3),12.92,2
2019,07,201907,LOJAS RENNER ON (LREN3),0.64,2
2019,06,201906,PETROBRAS PN (PETR4),7.28,7
2019,06,201906,BRADESCO PN (BBDC4),2.04,5
2019,06,201906,BRASIL ON (BBAS3),4.32,5
2019,06,201906,LOJAS RENNER ON (LREN3),7.24,3
2019,06,201906,VALE ON (VALE3),5.76,3
2019,06,201906,KROTON ON (KROT3),6.09,3
2019,06,201906,IRB BRASIL RESSEGUROS ON (IRBR3),-3.32,3
2019,06,201906,BRASKEM PNA (BRKM5),-18.12,3
2019,06,201906,GERDAU PN (GGBR4),9.59,3
2019,06,201906,ITAU UNIBANCO PN (ITUB4),3.64,3
2019,05,201905,PETROBRAS PN (PETR4),-5.45,9
2019,05,201905,P.ACUCAR - CBD PN (PCAR4),-9.63,5
2019,05,201905,VALE ON (VALE3),-2.2,4
2019,05,201905,SABESP ON (SBSP3),-5.94,3
2019,05,201905,IRB BRASIL RESSEGUROS ON (IRBR3),8.5,3
2019,05,201905,GERDAU PN (GGBR4),-1.48,3
2019,05,201905,BRASIL ON (BBAS3),5.12,3
2019,05,201905,BRADESCO PN (BBDC4),4.04,3
2019,05,201905,BBSEGURIDADE ON (BBSE3),5.59,3
2019,05,201905,AMBEV ON (ABEV3),-4.98,3
2019,04,201904,PETROBRAS PN (PETR4),-3.32,15
2019,04,201904,BRASIL ON (BBAS3),1.97,7
2019,04,201904,VALE ON (VALE3),-1.63,4
2019,04,201904,SUZANO PAPEL ON (SUZB3),-11.54,3
2019,04,201904,P.ACUCAR - CBD PN (PCAR4),5.51,3
2019,04,201904,IRB BRASIL RESSEGUROS ON (IRBR3),2.9,3
2019,04,201904,BRADESCO PN (BBDC4),-0.52,3
2019,04,201904,BRF S.A. ON (BRFS3),37.09,3
2019,04,201904,BRASKEM PNA (BRKM5),-6.13,3
2019,04,201904,USIMINAS PNA (USIM5),-13.37,2
2019,03,201903,PETROBRAS PN (PETR4),3.7,13
2019,03,201903,SUZANO PAPEL ON (SUZB3),-2.33,5
2019,03,201903,BRASIL ON (BBAS3),-3.48,5
2019,03,201903,BRASKEM PNA (BRKM5),-6.43,4
2019,03,201903,NATURA ON (NATU3),-6.18,3
2019,03,201903,IRB BRASIL RESSEGUROS ON (IRBR3),5.19,3
2019,03,201903,ITAU UNIBANCO PN (ITUB4),-2.23,3
2019,03,201903,VALE ON (VALE3),8.13,2
2019,03,201903,LOCALIZA ON (RENT3),-4.07,2
2019,03,201903,RUMO ON (RAIL3),-1.59,2
2019,02,201902,PETROBRAS PN (PETR4),5.79,12
2019,02,201902,BRASIL ON (BBAS3),-1.5,5
2019,02,201902,BRASKEM PNA (BRKM5),4.09,4
2019,02,201902,BRADESCO PN (BBDC4),-4.36,3
2019,02,201902,NATURA ON (NATU3),2.28,3
2019,02,201902,ITAU UNIBANCO PN (ITUB4),-4.89,3
2019,02,201902,VALE ON (VALE3),3.52,2
2019,02,201902,LOCALIZA ON (RENT3),3.75,2
2019,02,201902,GERDAU PN (GGBR4),-3.26,2
2019,02,201902,AMBEV ON (ABEV3),-1.6,2
2019,01,201901,PETROBRAS PN (PETR4),12.79,12
2019,01,201901,ITAU UNIBANCO PN (ITUB4),9.29,5
2019,01,201901,LOJAS RENNER ON (LREN3),7.31,4
2019,01,201901,BRADESCO PN (BBDC4),17.71,3
2019,01,201901,BRASIL ON (BBAS3),11.55,3
2019,01,201901,VALE ON (VALE3),-10.78,3
2019,01,201901,USIMINAS PNA (USIM5),7.11,3
2019,01,201901,MAGAZINE LUIZA ON (MGLU3),-0.83,2
2019,01,201901,AMBEV ON (ABEV3),13.85,2
2019,01,201901,B3 ON (B3SA3),17.38,2
2018,12,201812,PETROBRAS PN (PETR4),-8.39,9
2018,12,201812,ITAUSA PN (ITSA4),-1.91,4
2018,12,201812,VALE ON (VALE3),-3.41,4
2018,12,201812,B3 ON (B3SA3),-4.3,4
2018,12,201812,ITAU UNIBANCO PN (ITUB4),-1.38,4
2018,12,201812,ULTRAPAR ON (UGPA3),12.59,3
2018,12,201812,BRF S.A. ON (BRFS3),-1.08,3
2018,12,201812,BRASIL ON (BBAS3),4.43,3
2018,12,201812,BRADESCO PN (BBDC4),2.22,2
2018,12,201812,AMBEV ON (ABEV3),-7.52,2
2018,10,201810,ITAU UNIBANCO PN (ITUB4),11.64,8
2018,10,201810,GERDAU PN (GGBR4),-5.41,6
2018,10,201810,PETROBRAS PN (PETR4),30.96,5
2018,10,201810,B3 ON (B3SA3),13.42,4
2018,10,201810,IRB BRASIL RESSEGUROS ON (IRBR3),9.04,4
2018,10,201810,VALE ON (VALE3),-5.2,3
2018,10,201810,KLABIN S/A UNT (KLBN11),-6.13,3
2018,10,201810,P.ACUCAR - CBD PN (PCAR4),-10.22,3
2018,10,201810,MAGAZINE LUIZA ON (MGLU3),37.81,3
2018,10,201810,SUZANO PAPEL ON (SUZB3),-21.28,2
2018,09,201809,PETROBRAS PN (PETR4),9.5,7
2018,09,201809,B3 ON (B3SA3),8.24,5
2018,09,201809,ITAU UNIBANCO PN (ITUB4),4.44,4
2018,09,201809,VALE ON (VALE3),11.56,4
2018,09,201809,LOCALIZA ON (RENT3),5.93,3
2018,09,201809,VIAVAREJO UNT (VVAR11),-11.72,3
2018,09,201809,MRV ON (MRVE3),-5.46,3
2018,09,201809,FIBRIA ON (FIBR3),-4.62,3
2018,09,201809,IRB BRASIL RESSEGUROS ON (IRBR3),11.79,3
2018,09,201809,P.ACUCAR - CBD PN (PCAR4),7.15,3
2018,08,201808,PETROBRAS PN (PETR4),-2.13,7
2018,08,201808,ITAU UNIBANCO PN (ITUB4),-4.41,7
2018,08,201808,B3 ON (B3SA3),-8.53,6
2018,08,201808,VALE ON (VALE3),0.21,5
2018,08,201808,GERDAU PN (GGBR4),-2.99,4
2018,08,201808,VIAVAREJO UNT (VVAR11),-20.62,3
2018,08,201808,IRB BRASIL RESSEGUROS ON (IRBR3),11.31,3
2018,08,201808,LOJAS RENNER ON (LREN3),-8.42,2
2018,08,201808,MAGAZINE LUIZA ON (MGLU3),-1.52,2
2018,08,201808,BRASIL ON (BBAS3),-6.65,2
2018,07,201807,SUZANO PAPEL ON (SUZB3),-0.93,6
2018,07,201807,ITAU UNIBANCO PN (ITUB4),11.59,6
2018,07,201807,VALE ON (VALE3),10.59,5
2018,07,201807,PETROBRAS PN (PETR4),14.72,5
2018,07,201807,MAGAZINE LUIZA ON (MGLU3),3.34,4
2018,07,201807,B3 ON (B3SA3),16.33,4
2018,07,201807,ITAUSA PN (ITSA4),13.51,3
2018,07,201807,CEMIG PN (CMIG4),12.74,2
2018,07,201807,GERDAU PN (GGBR4),19.91,2
2018,07,201807,P.ACUCAR - CBD PN (PCAR4),6.75,2
2018,06,201806,SUZANO PAPEL ON (SUZB3),4.34,5
2018,06,201806,VALE ON (VALE3),-2.05,4
2018,06,201806,PETROBRAS PN (PETR4),-9.43,3
2018,06,201806,MAGAZINE LUIZA ON (MGLU3),18.05,3
2018,06,201806,KLABIN S/A UNT (KLBN11),-6.62,3
2018,06,201806,IRB BRASIL RESSEGUROS ON (IRBR3),0.27,3
2018,06,201806,B3 ON (B3SA3),-5.18,3
2018,06,201806,ITAU UNIBANCO PN (ITUB4),-6.11,3
2018,06,201806,GERDAU PN (GGBR4),-6.01,3
2018,06,201806,RAIADROGASIL ON (RADL3),6.84,2
2018,05,201805,PETROBRAS PN (PETR4),-17.23,6
2018,05,201805,ITAU UNIBANCO PN (ITUB4),-15.72,6
2018,05,201805,SUZANO PAPEL ON (SUZB3),4.97,4
2018,05,201805,VIAVAREJO UNT (VVAR11),-21.51,3
2018,05,201805,GERDAU PN (GGBR4),-10.76,3
2018,05,201805,CCR SA ON (CCRO3),-13.88,3
2018,05,201805,B3 ON (B3SA3),-13.95,3
2018,05,201805,BRASIL ON (BBAS3),-16.77,2
2018,05,201805,QUALICORP ON (QUAL3),-21.77,2
2018,05,201805,SID NACIONAL ON (CSNA3),-12.3,2
2018,04,201804,PETROBRAS PN (PETR4),7.29,5
2018,04,201804,ITAU UNIBANCO PN (ITUB4),-0.56,4
2018,04,201804,SUZANO PAPEL ON (SUZB3),23.68,4
2018,04,201804,GERDAU PN (GGBR4),7.42,3
2018,04,201804,B3 ON (B3SA3),-4.9,3
2018,04,201804,VIAVAREJO UNT (VVAR11),-1.76,3
2018,04,201804,SID NACIONAL ON (CSNA3),-0.23,2
2018,04,201804,BRASIL ON (BBAS3),-10.55,2
2018,04,201804,BRADESCO PN (BBDC4),-3.69,2
2018,04,201804,CCR SA ON (CCRO3),-2.74,2
2018,03,201803,PETROBRAS PN (PETR4),-0.23,5
2018,03,201803,B3 ON (B3SA3),4.18,4
2018,03,201803,ITAU UNIBANCO PN (ITUB4),1.88,3
2018,03,201803,BRASIL ON (BBAS3),-1.2,3
2018,03,201803,VIAVAREJO UNT (VVAR11),10.7,2
2018,03,201803,USIMINAS PNA (USIM5),-11.36,2
2018,03,201803,GERDAU PN (GGBR4),-6.57,2
2018,03,201803,SID NACIONAL ON (CSNA3),-13.3,2
2018,03,201803,FIBRIA ON (FIBR3),5.45,2
2018,03,201803,MAGAZINE LUIZA ON (MGLU3),7.53,2
2018,02,201802,PETROBRAS PN (PETR4),8.93,5
2018,02,201802,B3 ON (BVMF3),-1.76,4
2018,02,201802,ITAU UNIBANCO PN (ITUB4),0.38,3
2018,02,201802,BRASIL ON (BBAS3),5.54,3
2018,02,201802,USIMINAS PNA (USIM5),3.88,3
2018,02,201802,VIAVAREJO UNT (VVAR11),1.0,3
2018,02,201802,SMILES ON (SMLS3),2.59,2
2018,02,201802,GERDAU PN (GGBR4),15.42,2
2018,02,201802,COPEL PNB (CPLE6),3.43,2
2018,02,201802,CARREFOUR BR ON (CRFB3),-7.76,2
2018,01,201801,ITAU UNIBANCO PN (ITUB4),22.78,4
2018,01,201801,PETROBRAS PN (PETR4),22.36,3
2018,01,201801,SMILES ON (SMLS3),8.23,3
2018,01,201801,GERDAU PN (GGBR4),16.32,3
2018,01,201801,BRASKEM PNA (BRKM5),15.26,3
2018,01,201801,B3 ON (BVMF3),14.49,3
2018,01,201801,BRF S.A. ON (BRFS3),-3.42,2
2018,01,201801,RUMO ON (RAIL3),10.02,2
2018,01,201801,ITAUSA PN (ITSA4),22.46,2
2018,01,201801,BRASIL ON (BBAS3),24.7,2
2017,12,201712,Itaú Unibanco PN (ITUB4),3.52,5
2017,12,201712,Rumo ON (RAIL3),-0.38,3
2017,12,201712,Braskem PNA (BRKM5),-2.87,3
2017,12,201712,Petrobras PN (PETR4),4.68,3
2017,12,201712,CVC Brasil ON (CVCB3),8.42,3
2017,12,201712,Vale ON (VALE3),15.61,2
2017,12,201712,Ultrapar ON (UGPA3),6.84,2
2017,12,201712,Taesa UNIT (TAEE11),1.4,2
2017,12,201712,Gerdau PN (GGBR4),11.73,2
2017,12,201712,BR Malls Part. ON (BRML3),5.29,2
2017,11,201711,Petrobras PN (PETR4),-8.29,5
2017,11,201711,Itaú Unibanco PN (ITUB4),-1.82,5
2017,11,201711,Ser Educacional ON (SEER3),-4.41,3
2017,11,201711,Rumo ON (RAIL3),2.52,2
2017,11,201711,Lojas Americanas PN (LAME4),-15.64,2
2017,11,201711,Klabin UNIT (KLBN11),-4.73,2
2017,11,201711,Ecorodovias ON (ECOR3),0.54,2
2017,11,201711,Ambev ON (ABEV3),-1.63,1
2017,11,201711,Banco do Brasil ON (BBAS3),-12.59,1
2017,11,201711,B3 ON (BVMF3),-2.48,1
2017,10,201710,Petrobras PN (PETR4),9.61,5
2017,10,201710,Itaú Unibanco PN (ITUB4),-2.97,5
2017,10,201710,Via Varejo UNIT (VVAR11),-2.34,3
2017,10,201710,Banco do Brasil ON (BBAS3),-1.32,3
2017,10,201710,Usiminas PNA (USIM5),13.24,2
2017,10,201710,Tenda ON (TEND3),4.14,2
2017,10,201710,Iochpe-Maxion ON (MYPK3),4.19,2
2017,10,201710,Rumo ON (RAIL3),5.05,2
2017,10,201710,Lojas Americanas PN (LAME4),-8.68,2
2017,10,201710,B3 ON (BVMF3),-0.21,1
2017,09,201709,Petrobras PN (PETR4),12.09,5
2017,09,201709,Itaú Unibanco PN (ITUB4),7.47,5
2017,09,201709,Gerdau PN (GGBR4),-6.84,4
2017,09,201709,Rumo ON (RAIL3),17.04,2
2017,09,201709,MRV ON (MRVE3),2.0,2
2017,09,201709,Klabin UNIT (KLBN11),7.18,2
2017,09,201709,Carrefour BR ON (CRFB3),-1.84,2
2017,09,201709,Lojas Americanas PN (LAME4),8.33,2
2017,09,201709,Vale ON (VALE3),-9.15,1
2017,09,201709,Bradesco PN (BBDC4),4.43,1
2017,08,201708,Itaú Unibanco PN (ITUB4),9.09,6
2017,08,201708,Lojas Americanas PN (LAME4),13.4,4
2017,08,201708,Petrobras PN (PETR4),2.71,4
2017,08,201708,Usiminas PNA (USIM5),33.27,2
2017,08,201708,Vale ON (VALE3),12.08,2
2017,08,201708,Klabin UNIT (KLBN11),7.87,2
2017,08,201708,Bradesco PN (BBDC4),11.29,1
2017,08,201708,B3 ON (BVMF3),8.12,1
2017,08,201708,Banco do Brasil ON (BBAS3),7.57,1
2017,08,201708,Kroton ON (KROT3),20.02,1
2017,07,201707,Itaú Unibanco PN (ITUB4),1.59,9
2017,07,201707,Klabin UNIT (KLBN11),-1.42,3
2017,07,201707,Taesa UNIT (TAEE11),5.35,2
2017,07,201707,AES Tietê UNIT (TIET11),3.0,2
2017,07,201707,Weg ON (WEGE3),7.61,2
2017,07,201707,Ser Educacional ON (SEER3),4.45,2
2017,07,201707,Petrobras PN (PETR4),7.44,2
2017,07,201707,Gerdau PN (GGBR4),3.7,2
2017,07,201707,CVC Brasil ON (CVCB3),10.06,2
2017,07,201707,Raia Drogasil ON (RADL3),-1.58,2
2017,06,201706,Itaú Unibanco PN (ITUB4),3.42,7
2017,06,201706,Klabin UNIT (KLBN11),-2.81,4
2017,06,201706,Petrobras PN (PETR4),-4.55,4
2017,06,201706,Raia Drogasil ON (RADL3),-2.46,3
2017,06,201706,Vale PNA (VALE5),4.34,2
2017,06,201706,Weg ON (WEGE3),-6.84,2
2017,06,201706,Taesa UNIT (TAEE11),-2.91,2
2017,06,201706,Localiza ON (RENT3),3.84,2
2017,06,201706,Gerdau PN (GGBR4),7.76,2
2017,06,201706,Lojas Americanas PN (LAME4),-4.11,2
2017,05,201705,Itaú Unibanco PN (ITUB4),-9.42,8
2017,05,201705,Petrobras PN (PETR4),-7.23,6
2017,05,201705,Klabin UNIT (KLBN11),6.12,4
2017,05,201705,Raia Drogasil ON (RADL3),6.75,3
2017,05,201705,Taesa UNIT (TAEE11),3.07,2
2017,05,201705,Gerdau PN (GGBR4),-2.65,2
2017,05,201705,Iochpe-Maxion ON (MYPK3),-11.73,2
2017,05,201705,Banco do Brasil ON (BBAS3),-13.22,2
2017,05,201705,Lojas Americanas PN (LAME4),-13.3,2
2017,05,201705,Bradesco PN (BBDC4),-9.35,1
2017,04,201704,Petrobras PN (PETR4),-3.59,7
2017,04,201704,Itaú Unibanco PN (ITUB4),3.63,5
2017,04,201704,Banco do Brasil ON (BBAS3),-2.72,3
2017,04,201704,Sabesp ON (SBSP3),-7.29,2
2017,04,201704,Taesa UNIT (TAEE11),0.26,2
2017,04,201704,Raia Drogasil ON (RADL3),14.97,2
2017,04,201704,B3 ON (BVMF3),-1.45,2
2017,04,201704,Ecorodovias ON (ECOR3),4.42,2
2017,04,201704,Gerdau PN (GGBR4),-10.01,2
2017,04,201704,Vale PNA (VALE5),-4.17,1
2017,03,201703,Petrobras PN (PETR4),-4.55,8
2017,03,201703,Itaú Unibanco PN (ITUB4),-5.29,6
2017,03,201703,Telefônica Brasil PN (VIVT4),2.07,3
2017,03,201703,Banco do Brasil ON (BBAS3),2.29,3
2017,03,201703,Weg ON (WEGE3),3.2,2
2017,03,201703,Taesa UNIT (TAEE11),4.27,2
2017,03,201703,Gerdau PN (GGBR4),-15.91,2
2017,03,201703,BM&FBovespa ON (BVMF3),1.42,2
2017,03,201703,Equatorial ON (EQTL3),-1.23,2
2017,03,201703,Ambev ON (ABEV3),2.24,2
2017,02,201702,Petrobras PN (PETR4),1.07,8
2017,02,201702,Itaú Unibanco PN (ITUB4),9.29,5
2017,02,201702,BM&FBovespa ON (BVMF3),2.87,4
2017,02,201702,Raia Drogasil ON (RADL3),-9.31,2
2017,02,201702,Suzano Papel PNA (SUZB3),0.37,2
2017,02,201702,Itausa PN (ITSA4),10.42,2
2017,02,201702,Banco do Brasil ON (BBAS3),6.4,2
2017,02,201702,Bradesco PN (BBDC4),2.25,2
2017,02,201702,Vale PNA (VALE5),3.14,1
2017,02,201702,Ambev ON (ABEV3),3.72,1
2017,01,201701,Petrobras PN (PETR4),1.01,7
2017,01,201701,Raia Drogasil ON (RADL3),7.04,4
2017,01,201701,Itaú Unibanco PN (ITUB4),10.06,4
2017,01,201701,BM&FBovespa ON (BVMF3),12.06,3
2017,01,201701,Banco do Brasil ON (BBAS3),10.75,3
2017,01,201701,Bradesco PN (BBDC4),12.89,3
2017,01,201701,Suzano Papel PNA (SUZB3),-5.63,2
2017,01,201701,Transmissão Paulista PN (TRPL4),1.28,2
2017,01,201701,CCR ON (CCRO3),-2.82,2
2017,01,201701,Ambev ON (ABEV3),5.3,2
2016,12,201612,Petrobras PN (PETR4),-7.06,8
2016,12,201612,Banco do Brasil ON (BBAS3),-1.19,6
2016,12,201612,Itaú Unibanco PN (ITUB4),-3.18,5
2016,12,201612,Raia Drogasil ON (RADL3),-4.91,4
2016,12,201612,Gerdau PN (GGBR4),-20.3,3
2016,12,201612,Telefônica Brasil PN (VIVT4),-2.39,2
2016,12,201612,Suzano Papel PNA (SUZB5),10.51,2
2016,12,201612,Sabesp ON (SBSP3),-3.91,2
2016,12,201612,BM&FBovespa ON (BVMF3),0.47,2
2016,12,201612,Bradesco PN (BBDC4),-1.67,2
2016,11,201611,Petrobras PN (PETR4),-9.55,7
2016,11,201611,Itaú Unibanco PN (ITUB4),-7.72,5
2016,11,201611,Gerdau PN (GGBR4),23.14,4
2016,11,201611,Raia Drogasil ON (RADL3),-8.99,3
2016,11,201611,Banco do Brasil ON (BBAS3),-2.38,3
2016,11,201611,BB Seguridade ON (BBSE3),-11.98,3
2016,11,201611,Taesa UNIT (TAEE11),-8.28,2
2016,11,201611,Lojas Renner ON (LREN3),-16.74,2
2016,11,201611,BM&FBovespa ON (BVMF3),-11.27,2
2016,11,201611,Ecorodovias ON (ECOR3),-14.14,2
2016,10,201610,Petrobras PN (PETR4),30.36,7
2016,10,201610,Itaú Unibanco PN (ITUB4),18.97,5
2016,10,201610,Gerdau PN (GGBR4),24.38,3
2016,10,201610,Ecorodovias ON (ECOR3),6.52,3
2016,10,201610,BB Seguridade ON (BBSE3),7.56,3
2016,10,201610,Raia Drogasil ON (RADL3),6.91,2
2016,10,201610,Klabin UNIT (KLBN11),-3.46,2
2016,10,201610,BM&FBovespa ON (BVMF3),11.84,2
2016,10,201610,Cielo ON (CIEL3),-0.34,2
2016,10,201610,Banco do Brasil ON (BBAS3),28.46,2
2016,09,201609,Petrobras PN (PETR4),5.6,6
2016,09,201609,Cielo ON (CIEL3),-2.46,4
2016,09,201609,Itaú Unibanco PN (ITUB4),-0.88,4
2016,09,201609,BB Seguridade ON (BBSE3),2.5,4
2016,09,201609,Transmissão Paulista PN (TRPL4),-1.79,2
2016,09,201609,Vale PNA (VALE5),6.43,2
2016,09,201609,Rumo Log. ON (RUMO3),-12.22,2
2016,09,201609,Raia Drogasil ON (RADL3),11.27,2
2016,09,201609,Banco do Brasil ON (BBAS3),-1.3,2
2016,09,201609,Gerdau PN (GGBR4),-2.42,2
2016,08,201608,BB Seguridade ON (BBSE3),-0.58,5
2016,08,201608,Itaú Unibanco PN (ITUB4),7.15,4
2016,08,201608,Cielo ON (CIEL3),-8.6,3
2016,08,201608,Rumo Log. ON (RUMO3),17.65,3
2016,08,201608,Vale PNA (VALE5),-3.6,2
2016,08,201608,Ultrapar ON (UGPA3),1.55,2
2016,08,201608,Gerdau PN (GGBR4),17.53,2
2016,08,201608,BRF ON (BRFS3),-0.83,2
2016,08,201608,Banco do Brasil ON (BBAS3),10.85,2
2016,08,201608,Petrobras PN (PETR4),8.26,2
2016,07,201607,BB Seguridade ON (BBSE3),7.22,5
2016,07,201607,Ultrapar ON (UGPA3),4.12,4
2016,07,201607,Cielo ON (CIEL3),8.54,4
2016,07,201607,Itaú Unibanco PN (ITUB4),11.57,3
2016,07,201607,Ambev ON (ABEV3),-0.65,3
2016,07,201607,Rumo Log. ON (RUMO3),24.9,3
2016,07,201607,BR Malls Part. ON (BRML3),9.42,2
2016,07,201607,Lojas Renner ON (LREN3),15.07,2
2016,07,201607,BM&FBovespa ON (BVMF3),6.06,2
2016,07,201607,Raia Drogasil ON (RADL3),4.97,2
2016,06,201606,Ambev ON (ABEV3),-0.31,4
2016,06,201606,Itaú Unibanco PN (ITUB4),4.36,4
2016,06,201606,BB Seguridade ON (BBSE3),3.12,4
2016,06,201606,Raia Drogasil ON (RADL3),9.58,3
2016,06,201606,Lojas Renner ON (LREN3),13.62,3
2016,06,201606,Equatorial ON (EQTL3),6.69,3
2016,06,201606,Ultrapar ON (UGPA3),4.19,2
2016,06,201606,Suzano Papel PNA (SUZB5),-22.71,2
2016,06,201606,Fibria ON (FIBR3),-35.54,2
2016,06,201606,Bradesco PN (BBDC4),11.24,2
2016,05,201605,Itaú Unibanco PN (ITUB4),-11.58,5
2016,05,201605,BB Seguridade ON (BBSE3),-9.13,4
2016,05,201605,Lojas Renner ON (LREN3),0.63,3
2016,05,201605,Hypermarcas ON (HYPE3),-5.42,3
2016,05,201605,Raia Drogasil ON (RADL3),4.91,2
2016,05,201605,Localiza ON (RENT3),0.77,2
2016,05,201605,Pão de Açúcar PN (PCAR4),-20.08,2
2016,05,201605,BM&FBovespa ON (BVMF3),-6.87,2
2016,05,201605,CCR ON (CCRO3),-5.75,2
2016,05,201605,Cielo ON (CIEL3),-5.22,2
2016,04,201604,BB Seguridade ON (BBSE3),1.01,6
2016,04,201604,Itaú Unibanco PN (ITUB4),5.37,6
2016,04,201604,Lojas Renner ON (LREN3),0.8,3
2016,04,201604,CCR ON (CCRO3),15.32,3
2016,04,201604,Kroton ON (KROT3),11.5,2
2016,04,201604,Ultrapar ON (UGPA3),3.77,2
2016,04,201604,Cielo ON (CIEL3),14.96,2
2016,04,201604,BRF ON (BRFS3),-4.11,2
2016,04,201604,Ambev ON (ABEV3),3.03,2
2016,04,201604,Equatorial ON (EQTL3),5.56,2
2016,03,201603,BB Seguridade ON (BBSE3),23.13,8
2016,03,201603,Klabin UNIT (KLBN11),-9.91,4
2016,03,201603,Ultrapar ON (UGPA3),11.04,4
2016,03,201603,Itaú Unibanco PN (ITUB4),22.95,4
2016,03,201603,São Martinho ON (SMTO3),-0.98,3
2016,03,201603,Telefônica Brasil PN (VIVT4),18.75,2
2016,03,201603,BRF ON (BRFS3),0.05,2
2016,03,201603,Suzano Papel PNA (SUZB5),-23.27,2
2016,03,201603,Itausa PN (ITSA4),20.06,2
2016,03,201603,Fibria ON (FIBR3),-31.05,2
2016,02,201602,BB Seguridade ON (BBSE3),7.87,6
2016,02,201602,Itaú Unibanco PN (ITUB4),4.33,4
2016,02,201602,Cetip ON (CTIP3),-0.89,4
2016,02,201602,Weg ON (WEGE3),-14.2,3
2016,02,201602,Klabin UNIT (KLBN11),3.05,3
2016,02,201602,BRF ON (BRFS3),6.57,3
2016,02,201602,Ambev ON (ABEV3),-4.9,2
2016,02,201602,Ultrapar ON (UGPA3),7.22,2
2016,02,201602,Itausa PN (ITSA4),1.64,2
2016,02,201602,Cielo ON (CIEL3),-8.44,2
2016,01,201601,BB Seguridade ON (BBSE3),-4.93,5
2016,01,201601,Itaú Unibanco PN (ITUB4),-5.19,4
2016,01,201601,Cetip ON (CTIP3),1.97,4
2016,01,201601,Valid ON (VLID3),-6.16,3
2016,01,201601,Cielo ON (CIEL3),0.83,3
2016,01,201601,Kroton ON (KROT3),-10.81,3
2016,01,201601,Suzano Papel PNA (SUZB5),-14.66,2
2016,01,201601,Fibria ON (FIBR3),-15.09,2
2016,01,201601,BRF ON (BRFS3),-11.98,2
2016,01,201601,Itausa PN (ITSA4),0.0,2
2015,12,201512,Fibria ON (FIBR3),-3.22,4
2015,12,201512,Weg ON (WEGE3),-1.32,4
2015,12,201512,BB Seguridade ON (BBSE3),-6.32,4
2015,12,201512,Raia Drogasil ON (RADL3),-10.26,3
2015,12,201512,Valid ON (VLID3),-0.68,3
2015,12,201512,Itaú Unibanco PN (ITUB4),-4.62,3
2015,12,201512,Embraer ON (EMBR3),-0.57,3
2015,12,201512,Cielo ON (CIEL3),-4.33,3
2015,12,201512,Cetip ON (CTIP3),2.13,3
2015,12,201512,Ambev ON (ABEV3),-3.56,3
2015,11,201511,Itaú Unibanco PN (ITUB4),5.05,4
2015,11,201511,Valid ON (VLID3),-1.18,4
2015,11,201511,Ambev ON (ABEV3),-2.36,4
2015,11,201511,Cetip ON (CTIP3),8.87,4
2015,11,201511,BB Seguridade ON (BBSE3),-2.37,4
2015,11,201511,Cielo ON (CIEL3),-4.1,3
2015,11,201511,Suzano Papel PNA (SUZB5),17.02,3
2015,11,201511,Hypermarcas ON (HYPE3),28.0,2
2015,11,201511,Klabin UNIT (KLBN11),8.21,2
2015,11,201511,Raia Drogasil ON (RADL3),-0.85,2
2015,10,201510,Valid ON (VLID3),-4.31,5
2015,10,201510,Itaú Unibanco PN (ITUB4),-0.09,4
2015,10,201510,Suzano Papel PNA (SUZB5),-14.2,4
2015,10,201510,Cielo ON (CIEL3),-0.14,4
2015,10,201510,BB Seguridade ON (BBSE3),7.21,4
2015,10,201510,Kroton ON (KROT3),27.89,3
2015,10,201510,Fibria ON (FIBR3),-2.16,3
2015,10,201510,BRF ON (BRFS3),-14.86,3
2015,10,201510,Ambev ON (ABEV3),-1.7,3
2015,10,201510,Klabin UNIT (KLBN11),0.74,3
2015,09,201509,Suzano Papel PNA (SUZB5),9.73,6
2015,09,201509,Cielo ON (CIEL3),-3.71,5
2015,09,201509,Valid ON (VLID3),-2.53,5
2015,09,201509,Itaú Unibanco PN (ITUB4),-0.09,4
2015,09,201509,BB Seguridade ON (BBSE3),-13.55,4
2015,09,201509,Klabin UNIT (KLBN11),8.0,3
2015,09,201509,Fibria ON (FIBR3),5.04,3
2015,09,201509,BRF ON (BRFS3),1.54,3
2015,09,201509,Ambev ON (ABEV3),2.51,3
2015,09,201509,Kroton ON (KROT3),-11.18,2
2015,08,201508,BB Seguridade ON (BBSE3),-8.4,6
2015,08,201508,Suzano Papel PNA (SUZB5),4.71,5
2015,08,201508,Itaú Unibanco PN (ITUB4),-10.74,5
2015,08,201508,Valid ON (VLID3),-5.53,5
2015,08,201508,Cetip ON (CTIP3),-6.92,4
2015,08,201508,Cielo ON (CIEL3),-12.3,4
2015,08,201508,Klabin UNIT (KLBN11),-4.57,3
2015,08,201508,Ambev ON (ABEV3),-1.9,2
2015,08,201508,Kroton ON (KROT3),-8.98,2
2015,08,201508,Equatorial ON (EQTL3),1.0,1
2015,07,201507,BB Seguridade ON (BBSE3),-5.43,6
2015,07,201507,Cielo ON (CIEL3),-0.21,5
2015,07,201507,Itaú Unibanco PN (ITUB4),-3.27,5
2015,07,201507,Cetip ON (CTIP3),4.05,4
2015,07,201507,Klabin UNIT (KLBN11),12.22,3
2015,07,201507,Suzano Papel PNA (SUZB5),1.51,3
2015,07,201507,Valid ON (VLID3),3.86,2
2015,07,201507,Equatorial ON (EQTL3),-0.48,2
2015,07,201507,Ambev ON (ABEV3),1.88,2
2015,07,201507,Kroton ON (KROT3),-19.26,2
2015,06,201506,Itaú Unibanco PN (ITUB4),-0.28,7
2015,06,201506,BB Seguridade ON (BBSE3),2.25,6
2015,06,201506,Suzano Papel PNA (SUZB5),-0.84,6
2015,06,201506,Cielo ON (CIEL3),9.55,4
2015,06,201506,M. Dias Branco ON (MDIA3),-4.76,2
2015,06,201506,Qualicorp ON (QUAL3),3.74,2
2015,06,201506,Equatorial ON (EQTL3),4.08,2
2015,06,201506,Cetip ON (CTIP3),2.66,2
2015,06,201506,Ambev ON (ABEV3),4.28,2
2015,06,201506,Klabin UNIT (KLBN11),0.47,2
2015,05,201505,Itaú Unibanco PN (ITUB4),-10.87,8
2015,05,201505,Cielo ON (CIEL3),-4.63,7
2015,05,201505,Suzano Papel PNA (SUZB5),11.51,6
2015,05,201505,BB Seguridade ON (BBSE3),-5.39,5
2015,05,201505,Cetip ON (CTIP3),-2.84,4
2015,05,201505,Bradesco PN (BBDC4),-12.24,2
2015,05,201505,Qualicorp ON (QUAL3),-22.05,2
2015,05,201505,Klabin UNIT (KLBN11),2.81,2
2015,05,201505,Ambev ON (ABEV3),-2.85,2
2015,05,201505,Embraer ON (EMBR3),1.53,2
2015,04,201504,Itaú Unibanco PN (ITUB4),9.17,6
2015,04,201504,BB Seguridade ON (BBSE3),7.47,5
2015,04,201504,Raia Drogasil ON (RADL3),19.41,5
2015,04,201504,Suzano Papel PNA (SUZB5),2.1,4
2015,04,201504,Cielo ON (CIEL3),10.15,4
2015,04,201504,Klabin UNIT (KLBN11),1.54,3
2015,04,201504,M. Dias Branco ON (MDIA3),0.5,2
2015,04,201504,Cetip ON (CTIP3),9.84,2
2015,04,201504,BRF ON (BRFS3),1.74,2
2015,04,201504,CPFL Energia ON (CPFE3),0.22,2
2015,03,201503,Itaú Unibanco PN (ITUB4),-3.22,7
2015,03,201503,BB Seguridade ON (BBSE3),1.23,6
2015,03,201503,BRF ON (BRFS3),-1.75,4
2015,03,201503,Suzano Papel PNA (SUZB5),22.64,4
2015,03,201503,Raia Drogasil ON (RADL3),0.81,4
2015,03,201503,Lojas Americanas PN (LAME4),-1.12,3
2015,03,201503,Cielo ON (CIEL3),3.33,3
2015,03,201503,Klabin UNIT (KLBN11),14.48,2
2015,03,201503,Cetip ON (CTIP3),-7.2,2
2015,03,201503,Pão de Açúcar PN (PCAR4),-1.44,2
2015,02,201502,Itaú Unibanco PN (ITUB4),13.46,9
2015,02,201502,BRF ON (BRFS3),0.08,6
2015,02,201502,BB Seguridade ON (BBSE3),13.19,4
2015,02,201502,Embraer ON (EMBR3),4.89,4
2015,02,201502,Cielo ON (CIEL3),11.78,3
2015,02,201502,Suzano Papel PNA (SUZB5),10.95,3
2015,02,201502,Klabin UNIT (KLBN11),16.87,2
2015,02,201502,Cetip ON (CTIP3),-0.15,2
2015,02,201502,Bradesco PN (BBDC4),12.02,2
2015,02,201502,Fibria ON (FIBR3),14.12,2
2015,01,201501,Itaú Unibanco PN (ITUB4),-4.87,6
2015,01,201501,Cielo ON (CIEL3),-4.01,5
2015,01,201501,Embraer ON (EMBR3),-2.86,4
2015,01,201501,BB Seguridade ON (BBSE3),-8.58,4
2015,01,201501,Pão de Açúcar PN (PCAR4),-9.66,3
2015,01,201501,BRF ON (BRFS3),2.24,3
2015,01,201501,Fibria ON (FIBR3),-0.65,3
2015,01,201501,Suzano Papel PNA (SUZB5),-3.38,2
2015,01,201501,Bradesco PN (BBDC4),-3.74,2
2015,01,201501,Estacio Part. ON (ESTC3),-29.93,2
2014,12,201412,Itaú Unibanco PN (ITUB4),-10.33,6
2014,12,201412,BB Seguridade ON (BBSE3),-4.2,6
2014,12,201412,Estácio Part. ON (ESTC3),-14.59,4
2014,12,201412,Bradesco PN (BBDC4),-9.95,4
2014,12,201412,Cielo ON (CIEL3),-5.19,4
2014,12,201412,BRF ON (BRFS3),-4.46,4
2014,12,201412,Kroton ON (KROT3),-13.55,3
2014,12,201412,Petrobras PN (PETR4),-21.72,2
2014,12,201412,Embraer ON (EMBR3),3.84,2
2014,12,201412,Pão de Açúcar PN (PCAR4),-9.1,2
2014,11,201411,Petrobras PN (PETR4),-16.23,6
2014,11,201411,BB Seguridade ON (BBSE3),1.54,6
2014,11,201411,Itaú Unibanco PN (ITUB4),5.08,6
2014,11,201411,Estácio Part. ON (ESTC3),-2.82,4
2014,11,201411,BRF ON (BRFS3),2.96,4
2014,11,201411,Bradesco PN (BBDC4),6.05,3
2014,11,201411,Kroton ON (KROT3),1.53,3
2014,11,201411,Suzano Papel PNA (SUZB5),4.02,2
2014,11,201411,Cielo ON (CIEL3),8.01,2
2014,11,201411,Pão de Açúcar PN (PCAR4),4.57,2
2014,10,201410,Petrobras PN (PETR4),-15.53,5
2014,10,201410,BB Seguridade ON (BBSE3),2.67,5
2014,10,201410,Itaú Unibanco PN (ITUB4),8.55,4
2014,10,201410,Estácio Part. ON (ESTC3),12.81,4
2014,10,201410,BRF ON (BRFS3),10.73,4
2014,10,201410,Cielo ON (CIEL3),1.73,4
2014,10,201410,Bradesco PN (BBDC4),7.17,3
2014,10,201410,Vale PNA (VALE5),-5.89,2
2014,10,201410,Kroton ON (KROT3),14.82,2
2014,10,201410,Suzano Papel PNA (SUZB5),6.3,2
2014,09,201409,Itaú Unibanco PN (ITUB4),-16.05,4
2014,09,201409,BRF ON (BRFS3),-2.77,4
2014,09,201409,BB Seguridade ON (BBSE3),-9.9,4
2014,09,201409,Estácio Part. ON (ESTC3),-14.43,3
2014,09,201409,Vale PNA (VALE5),-8.43,3
2014,09,201409,Petrobras PN (PETR4),-22.53,3
2014,09,201409,Petrobras ON (PETR3),-22.09,2
2014,09,201409,Cosan ON (CSAN3),-15.4,2
2014,09,201409,BM&FBovespa ON (BVMF3),-17.11,2
2014,09,201409,Bradesco PN (BBDC4),-14.65,2
2014,08,201408,Estácio Part. ON (ESTC3),5.61,4
2014,08,201408,Itaú Unibanco PN (ITUB4),15.95,4
2014,08,201408,Petrobras PN (PETR4),22.25,4
2014,08,201408,Vale PNA (VALE5),-10.85,4
2014,08,201408,Kroton ON (KROT3),10.97,4
2014,08,201408,BB Seguridade ON (BBSE3),9.89,4
2014,08,201408,BRF ON (BRFS3),7.93,3
2014,08,201408,Cetip ON (CTIP3),3.56,2
2014,08,201408,Cielo ON (CIEL3),1.11,2
2014,08,201408,Bradesco PN (BBDC4),18.06,2
2014,07,201407,Pão de Açúcar PN (PCAR4),6.32,5
2014,07,201407,Cielo ON (CIEL3),-8.79,4
2014,07,201407,Estácio Part. ON (ESTC3),-3.76,4
2014,07,201407,BB Seguridade ON (BBSE3),2.03,4
2014,07,201407,Valid ON (VLID3),-2.82,3
2014,07,201407,Petrobras PN (PETR4),10.47,2
2014,07,201407,Vale PNA (VALE5),10.55,2
2014,07,201407,Bradesco PN (BBDC4),8.06,2
2014,07,201407,Ambev ON (ABEV3),0.31,2
2014,07,201407,Itaú Unibanco PN (ITUB4),9.84,2
2014,06,201406,Ambev ON (ABEV3),-0.63,5
2014,06,201406,Cielo ON (CIEL3),13.66,5
2014,06,201406,Estácio Part. ON (ESTC3),8.78,5
2014,06,201406,BB Seguridade ON (BBSE3),13.82,5
2014,06,201406,Pão de Açúcar PN (PCAR4),1.17,4
2014,06,201406,Ultrapar ON (UGPA3),-2.32,2
2014,06,201406,Suzano Papel PNA (SUZB5),3.97,2
2014,06,201406,Petrobras PN (PETR4),3.6,2
2014,06,201406,Bradesco PN (BBDC4),3.38,2
2014,06,201406,Itaú Unibanco PN (ITUB4),0.81,2
2014,05,201405,BB Seguridade ON (BBSE3),9.07,5
2014,05,201405,Itaú Unibanco PN (ITUB4),-5.16,3
2014,05,201405,Ambev ON (ABEV3),-2.7,3
2014,05,201405,Petrobras PN (PETR4),0.72,3
2014,05,201405,Pão de Açúcar PN (PCAR4),-3.38,2
2014,05,201405,Vale PNA (VALE5),-2.95,2
2014,05,201405,Cemig PN (CMIG4),-3.29,2
2014,05,201405,Bradesco PN (BBDC4),-5.91,2
2014,05,201405,Cielo ON (CIEL3),1.34,2
2014,05,201405,Kroton ON (KROT3),19.59,2
2014,04,201404,BB Seguridade ON (BBSE3),4.06,5
2014,04,201404,Pão de Açúcar PN (PCAR4),6.35,4
2014,04,201404,Vale PNA (VALE5),-3.94,4
2014,04,201404,Ambev ON (ABEV3),-3.1,4
2014,04,201404,Itaú Unibanco PN (ITUB4),8.6,4
2014,04,201404,Suzano Papel PNA (SUZB5),-13.25,3
2014,04,201404,BRF ON (BRFS3),11.48,2
2014,04,201404,Ultrapar ON (UGPA3),1.95,2
2014,04,201404,Estácio Part. ON (ESTC3),4.46,2
2014,04,201404,Petrobras PN (PETR4),11.74,2
2014,03,201403,Itaú Unibanco PN (ITUB4),8.6,4
2014,03,201403,Pão de Açúcar PN (PCAR4),0.87,4
2014,03,201403,BB Seguridade ON (BBSE3),7.77,4
2014,03,201403,Ambev ON (ABEV3),0.41,4
2014,03,201403,Ultrapar ON (UGPA3),5.29,3
2014,03,201403,Vale PNA (VALE5),-2.54,3
2014,03,201403,Suzano Papel PNA (SUZB5),-5.63,3
2014,03,201403,Cielo ON (CIEL3),16.0,2
2014,03,201403,BRF ON (BRFS3),5.55,2
2014,03,201403,CCR ON (CCRO3),8.33,2
2014,02,201402,Suzano Papel PNA (SUZB5),-6.72,3
2014,02,201402,Ultrapar ON (UGPA3),-0.82,3
2014,02,201402,Vale PNA (VALE5),-3.03,3
2014,02,201402,Pão de Açúcar PN (PCAR4),5.88,3
2014,02,201402,Klabin PN (KLBN4),-6.0,3
2014,02,201402,BB Seguridade ON (BBSE3),5.19,3
2014,02,201402,Gerdau PN (GGBR4),-15.8,3
2014,02,201402,Itaú Unibanco PN (ITUB4),4.96,2
2014,02,201402,Petrobras PN (PETR4),-7.55,2
2014,02,201402,Ambev ON (ABEV3),4.91,2
2014,01,201401,BB Seguridade ON (BBSE3),-7.35,6
2014,01,201401,Vale PNA (VALE5),-8.34,6
2014,01,201401,Gerdau PN (GGBR4),-6.49,4
2014,01,201401,Localiza ON (RENT3),-8.13,3
2014,01,201401,Tupy ON (TUPY3),-5.67,3
2014,01,201401,Estácio Part. ON (ESTC3),-8.33,3
2014,01,201401,Suzano Papel PNA (SUZB5),3.03,3
2014,01,201401,Itaú Unibanco PN (ITUB4),-3.37,2
2014,01,201401,Ambev ON (ABEV3),-5.72,2
2014,01,201401,Petrobras PN (PETR4),-13.93,2
2013,12,201312,BB Seguridade ON (BBSE3),-3.54,5
2013,12,201312,Vale PNA (VALE5),-0.18,4
2013,12,201312,Estácio Part. ON (ESTC3),2.0,3
2013,12,201312,Gerdau PN (GGBR4),1.89,3
2013,12,201312,Cosan ON (CSAN3),-7.95,2
2013,12,201312,Tractebel ON (TBLE3),-6.01,2
2013,12,201312,Klabin PN (KLBN4),1.32,2
2013,12,201312,Hypermarcas ON (HYPE3),-7.35,2
2013,12,201312,Ambev ON (ABEV3),-1.37,2
2013,12,201312,Petrobras PN (PETR4),-10.67,1
2013,11,201311,Vale PNA (VALE5),-0.15,6
2013,11,201311,BB Seguridade ON (BBSE3),3.8,4
2013,11,201311,Itaú Unibanco PN (ITUB4),-4.7,3
2013,11,201311,CCR ON (CCRO3),-0.7,3
2013,11,201311,Tractebel ON (TBLE3),1.36,2
2013,11,201311,Ultrapar ON (UGPA3),-2.8,2
2013,11,201311,Cetip ON (CTIP3),2.66,2
2013,11,201311,Cosan ON (CSAN3),-4.27,2
2013,11,201311,Banco do Brasil ON (BBAS3),-13.32,2
2013,11,201311,Suzano Papel PNA (SUZB5),-6.39,2
2013,10,201310,Vale PNA (VALE5),7.2,4
2013,10,201310,Ultrapar ON (UGPA3),9.22,3
2013,10,201310,CCR ON (CCRO3),7.38,3
2013,10,201310,BRF ON (BRFS3),-2.59,3
2013,10,201310,BB Seguridade ON (BBSE3),12.2,3
2013,10,201310,Suzano Papel PNA (SUZB5),3.77,3
2013,10,201310,Hypermarcas ON (HYPE3),9.34,2
2013,10,201310,ALL ON (ALLL3),-8.45,2
2013,10,201310,Itaú Unibanco PN (ITUB4),10.03,2
2013,10,201310,Kroton ON (KROT3),5.05,2
2013,09,201309,Vale PNA (VALE5),1.41,5
2013,09,201309,BRF ON (BRFS3),-2.17,4
2013,09,201309,BB Seguridade ON (BBSE3),13.36,3
2013,09,201309,Ultrapar ON (UGPA3),5.32,3
2013,09,201309,Itaú Unibanco PN (ITUB4),8.54,3
2013,09,201309,Kroton ON (KROT3),-1.53,2
2013,09,201309,Cetip ON (CTIP3),0.64,2
2013,09,201309,CCR ON (CCRO3),3.9,2
2013,09,201309,Cemig PN (CMIG4),3.44,2
2013,09,201309,Hypermarcas ON (HYPE3),10.1,2
2013,08,201308,Kroton ON (KROT3),-1.27,3
2013,08,201308,BB Seguridade ON (BBSE3),6.71,3
2013,08,201308,Vale PNA (VALE5),10.48,3
2013,08,201308,BRF ON (BRFS3),13.58,3
2013,08,201308,Itaú Unibanco PN (ITUB4),0.54,3
2013,08,201308,Suzano Papel PNA (SUZB5),20.82,2
2013,08,201308,Gerdau PN (GGBR4),18.08,2
2013,08,201308,BM&FBovespa ON (BVMF3),-3.74,2
2013,08,201308,Cetip ON (CTIP3),1.74,2
2013,08,201308,Hypermarcas ON (HYPE3),-1.64,2
2013,07,201307,Gerdau PN (GGBR4),15.7,4
2013,07,201307,Itaú Unibanco PN (ITUB4),1.34,4
2013,07,201307,Kroton ON (KROT3),5.18,4
2013,07,201307,Bradesco PN (BBDC4),-3.75,3
2013,07,201307,Tractebel ON (TBLE3),4.99,2
2013,07,201307,Hypermarcas ON (HYPE3),13.63,2
2013,07,201307,Souza Cruz ON (CRUZ3),0.33,2
2013,07,201307,BB Seguridade ON (BBSE3),4.77,2
2013,07,201307,BRF ON (BRFS3),1.17,2
2013,07,201307,BM&FBovespa ON (BVMF3),-0.49,2
2013,06,201306,Itaú Unibanco PN (ITUB4),-11.16,4
2013,06,201306,Kroton ON (KROT3),-1.75,2
2013,06,201306,Petrobras PN (PETR4),-19.3,2
2013,06,201306,Vale PNA (VALE5),-5.58,2
2013,06,201306,Hypermarcas ON (HYPE3),-15.03,2
2013,06,201306,Souza Cruz ON (CRUZ3),-5.72,2
2013,06,201306,BRF ON (BRFS3),-2.94,2
2013,06,201306,BR Properties ON (BRPR3),-9.57,2
2013,06,201306,BM&FBovespa ON (BVMF3),-12.03,2
2013,06,201306,Minerva ON (BEEF3),-1.61,2
2013,05,201305,Itaú Unibanco PN (ITUB4),5.99,6
2013,05,201305,Kroton ON (KROT3),12.89,2
2013,05,201305,Vale PNA (VALE5),-12.22,2
2013,05,201305,Petrobras PN (PETR4),-0.2,2
2013,05,201305,Cosan ON (CSAN3),-0.42,2
2013,05,201305,BR Malls Part. ON (BRML3),-5.49,2
2013,05,201305,BM&FBovespa ON (BVMF3),1.92,2
2013,05,201305,Cielo ON (CIEL3),3.62,2
2013,05,201305,Banco do Brasil ON (BBAS3),1.45,1
2013,05,201305,Itaúsa PN (ITSA4),4.62,1
2013,04,201304,Itaú Unibanco PN (ITUB4),-6.49,5
2013,04,201304,BM&FBovespa ON (BVMF3),3.43,3
2013,04,201304,Kroton ON (KROT3),8.14,3
2013,04,201304,Randon Part. PN (RAPT4),4.39,2
2013,04,201304,Vale PNA (VALE5),0.94,2
2013,04,201304,Even ON (EVEN3),-0.81,2
2013,04,201304,Lojas Renner ON (LREN3),2.98,2
2013,04,201304,Anhanguera ON (AEDU3),10.43,2
2013,04,201304,Bradesco PN (BBDC4),-3.57,1
2013,04,201304,PDG Realty ON (PDGR3),-26.37,1
2013,03,201303,Itaú Unibanco PN (ITUB4),3.79,4
2013,03,201303,CCR ON (CCRO3),3.48,3
2013,03,201303,Lojas Renner ON (LREN3),0.5,3
2013,03,201303,Vale PNA (VALE5),-9.06,3
2013,03,201303,Kroton ON (KROT3),0.88,2
2013,03,201303,Cosan ON (CSAN3),-2.83,2
2013,03,201303,BM&FBovespa ON (BVMF3),1.72,2
2013,03,201303,Even ON (EVEN3),-2.0,2
2013,03,201303,BR Malls Part. ON (BRML3),-1.72,2
2013,03,201303,Bradesco PN (BBDC4),6.39,1
2013,02,201302,Vale PNA (VALE5),-5.56,4
2013,02,201302,Lojas Renner ON (LREN3),-5.46,3
2013,02,201302,TIM Part. ON (TIMP3),-1.7,2
2013,02,201302,Itaú Unibanco PN (ITUB4),2.14,2
2013,02,201302,Cosan ON (CSAN3),-0.72,2
2013,02,201302,BR Malls Part. ON (BRML3),-0.7,2
2013,02,201302,BM&FBovespa ON (BVMF3),-3.8,2
2013,02,201302,CCR ON (CCRO3),-3.41,2
2013,02,201302,Anhanguera ON (AEDU3),5.81,2
2013,01,201301,Vale PNA (VALE5),-5.31,5
2013,01,201301,Gerdau PN (GGBR4),-2.57,4
2013,01,201301,Lojas Renner ON (LREN3),-0.05,3
2013,01,201301,Raia Drogasil ON (RADL3),-3.55,2
2013,01,201301,TIM Part. ON (TIMP3),7.32,2
2013,01,201301,Petrobras PN (PETR4),-7.38,2
2013,01,201301,Itaú Unibanco PN (ITUB4),2.92,2
2013,01,201301,CCR ON (CCRO3),5.66,2
2013,01,201301,Cosan ON (CSAN3),12.57,2
2013,01,201301,BM&FBovespa ON (BVMF3),-0.43,2
2012,12,201212,Vale PNA (VALE5),11.36,5
2012,12,201212,Lojas Renner ON (LREN3),2.26,3
2012,12,201212,Petrobras PN (PETR4),4.61,3
2012,12,201212,Totvs ON (TOTS3),1.63,3
2012,12,201212,Kroton ON (KROT3),11.62,2
2012,12,201212,Itaú Unibanco PN (ITUB4),4.89,2
2012,12,201212,CCR ON (CCRO3),5.94,2
2012,12,201212,Coelce PNA (COCE5),29.57,2
2012,12,201212,BRF ON (BRFS3),8.74,2
2012,12,201212,BM&FBovespa ON (BVMF3),9.03,1
2012,11,201211,Lojas Renner ON (LREN3),3.92,4
2012,11,201211,Kroton UNIT (KROT11),2.07,3
2012,11,201211,Petrobras PN (PETR4),-10.29,3
2012,11,201211,CCR ON (CCRO3),2.8,3
2012,11,201211,Vale PNA (VALE5),0.96,3
2012,11,201211,Telefônica BR PN (VIVT4),5.33,2
2012,11,201211,Itaú Unibanco PN (ITUB4),8.27,2
2012,11,201211,Bradesco PN (BBDC4),10.98,2
2012,11,201211,Cetip ON (CTIP3),-6.2,2
2012,11,201211,Ambev PN (AMBV4),6.63,2
2012,10,201210,Vale PNA (VALE5),6.48,3
2012,10,201210,BR Properties ON (BRPR3),0.57,3
2012,10,201210,Sabesp ON (SBSP3),3.6,2
2012,10,201210,Telefônica BR PN (VIVT4),1.6,2
2012,10,201210,Petrobras PN (PETR4),-7.02,2
2012,10,201210,Gerdau PN (GGBR4),-7.94,2
2012,10,201210,Arteris ON (ARTR3),3.83,2
2012,10,201210,CCR ON (CCRO3),0.28,2
2012,10,201210,Ambev PN (AMBV4),7.64,2
2012,10,201210,Kroton UNIT (KROT11),17.0,2
2012,09,201209,CCR ON (CCRO3),0.6,4
2012,09,201209,Raia Drogasil ON (RADL3),8.69,3
2012,09,201209,TIM Part. ON (TIMP3),-2.97,2
2012,09,201209,Vale PNA (VALE5),6.3,2
2012,09,201209,Oi PN (OIBR4),5.71,2
2012,09,201209,Gerdau PN (GGBR4),7.41,2
2012,09,201209,Banco do Brasil ON (BBAS3),8.21,2
2012,09,201209,BR Malls Part. ON (BRML3),11.26,2
2012,09,201209,Ambev PN (AMBV4),1.09,2
2012,09,201209,Itaú Unibanco PN (ITUB4),-3.46,2
2012,08,201208,Vale PNA (VALE5),-8.85,4
2012,08,201208,Itaú Unibanco PN (ITUB4),-1.48,4
2012,08,201208,Cemig PN (CMIG4),-11.56,4
2012,08,201208,Arteris ON (ARTR3),11.02,3
2012,08,201208,Pão de Açúcar PN (PCAR4),2.41,2
2012,08,201208,BR Malls Part. ON (BRML3),5.77,2
2012,08,201208,Banco do Brasil ON (BBAS3),6.9,2
2012,08,201208,Ambev PN (AMBV4),-2.24,2
2012,08,201208,Vale ON (VALE3),-9.07,1
2012,08,201208,Gerdau PN (GGBR4),-3.16,1
2012,07,201207,Vale PNA (VALE5),-7.05,5
2012,07,201207,CCR ON (CCRO3),4.72,4
2012,07,201207,Pão de Açúcar PN (PCAR4),4.38,3
2012,07,201207,Cemig PN (CMIG4),4.4,3
2012,07,201207,MRV ON (MRVE3),19.89,2
2012,07,201207,TIM Part. ON (TIMP3),-23.48,2
2012,07,201207,Copel PNB (CPLE6),-4.8,2
2012,07,201207,BR Malls Part. ON (BRML3),4.0,2
2012,07,201207,Ambev PN (AMBV4),1.69,2
2012,07,201207,Itaú Unibanco PN (ITUB4),14.84,2
2012,06,201206,Cemig PN (CMIG4),6.68,5
2012,06,201206,CCR ON (CCRO3),4.01,4
2012,06,201206,Vale PNA (VALE5),6.64,4
2012,06,201206,Ambev PN (AMBV4),0.82,3
2012,06,201206,Ultrapar ON (UGPA3),8.94,2
2012,06,201206,TIM Part. ON (TIMP3),14.46,2
2012,06,201206,Gerdau PN (GGBR4),11.6,2
2012,06,201206,Copel PNB (CPLE6),7.75,2
2012,06,201206,Pão de Açúcar PN (PCAR4),4.87,2
2012,06,201206,Marcopolo PN (POMO4),-3.33,2
2012,05,201205,TIM Part. ON (TIMP3),-14.02,3
2012,05,201205,Pão de Açúcar PN (PCAR4),-13.67,3
2012,05,201205,Iochpe Maxion ON (MYPK3),-24.1,3
2012,05,201205,Cemig PN (CMIG4),-6.88,2
2012,05,201205,Itaú Unibanco PN (ITUB4),-2.28,2
2012,05,201205,AES Tietê PN (GETI4),4.67,2
2012,05,201205,CCR ON (CCRO3),6.08,2
2012,05,201205,OGX Petróleo ON (OGXP3),-22.15,2
2012,05,201205,Vale PNA (VALE5),-11.41,1
2012,05,201205,Petrobras PN (PETR4),-9.22,1
2012,04,201204,Iochpe Maxion ON (MYPK3),-7.74,2
2012,04,201204,OGX Petróleo ON (OGXP3),-12.38,2
2012,04,201204,TIM Part. ON (TIMP3),-0.75,2
2012,04,201204,BRF ON (BRFS3),-3.19,2
2012,04,201204,Itaú Unibanco PN (ITUB4),-14.08,2
2012,04,201204,Cosan ON (CSAN3),-2.53,2
2012,04,201204,BM&FBovespa ON (BVMF3),-4.63,1
2012,04,201204,Petrobras PN (PETR4),-8.82,1
2012,04,201204,Petrobras ON (PETR3),-7.86,1
2012,04,201204,Gerdau PN (GGBR4),2.63,1
2012,03,201203,Vale PNA (VALE5),-2.45,3
2012,03,201203,Pão de Açúcar PN (PCAR4),9.3,2
2012,03,201203,PDG Realty ON (PDGR3),-14.03,2
2012,03,201203,Petrobras PN (PETR4),-3.47,2
2012,03,201203,OGX Petróleo ON (OGXP3),-11.18,2
2012,03,201203,Itaú Unibanco PN (ITUB4),-3.96,2
2012,03,201203,BRF ON (BRFS3),0.28,2
2012,03,201203,Cetip ON (CTIP3),-5.1,2
2012,03,201203,Dasa ON (DASA3),-12.44,2
2012,03,201203,Ambev PN (AMBV4),10.71,2
2012,02,201202,Itaú Unibanco PN (ITUB4),4.82,3
2012,02,201202,OGX Petróleo ON (OGXP3),2.72,3
2012,02,201202,TIM Part. ON (TIMP3),7.11,2
2012,02,201202,Vale PNA (VALE5),-0.45,2
2012,02,201202,Telefônica BR PN (VIVT4),5.65,2
2012,02,201202,Lojas Renner ON (LREN3),10.81,2
2012,02,201202,Copel PNB (CPLE6),6.61,2
2012,02,201202,Cetip ON (CTIP3),18.74,2
2012,02,201202,Banco do Brasil ON (BBAS3),2.26,2
2012,02,201202,Multiplus ON (MPLU3),18.24,2
2012,01,201201,Itaú Unibanco PN (ITUB4),3.36,6
2012,01,201201,Petrobras PN (PETR4),15.39,3
2012,01,201201,Copel PNB (CPLE6),4.24,3
2012,01,201201,OGX Petróleo ON (OGXP3),21.51,3
2012,01,201201,Redecard ON (RDCD3),7.91,2
2012,01,201201,Pão de Açúcar PN (PCAR4),8.96,2
2012,01,201201,Gerdau PN (GGBR4),14.83,2
2012,01,201201,Cetip ON (CTIP3),0.0,2
2012,01,201201,Energias do Brasil ON (ENBR3),-1.93,2
2012,01,201201,Cielo ON (CIEL3),7.99,2
